song,total,write,read,dwt,gen_fpid
S0000.wav,5.302000,0.163262,0.000852,0.058179,0.025150
