song,total,write,read,gen_fpid
S0000.wav,2.555000,0.039342,0.032868,1.439801
