song,total,write,read,dwt,gen_fpid
S0000.wav,0.712000,0.123748,0.000184,0.033717,0.017663
