song,total,write,read,dwt,gen_fpid
S0000.wav,0.246000,0.125854,0.002624,0.037358,0.006968
