song,total,write,read,dwt,gen_fpid
S0000.wav,1.506000,1.122648,0.001939,0.035643,0.028357
