song,total,write,read,dwt,gen_fpid
S0000.wav,0.196000,0.104168,0.002641,0.032565,0.007849
