song,total,write,read,gen_fpid
S0000.wav,1.222000,0.041417,0.014691,0.050464
