song,total,write,read,gen_fpid
S0000.wav,13.030000,0.037267,0.029548,11.896971
