song,total,write,read,dwt,gen_fpid
S0000.wav,1.282000,0.323831,0.004901,0.065226,0.035183
