song,total,write,read,dwt,gen_fpid
S0000.wav,0.358000,0.166901,0.001975,0.044808,0.037271
