song,total,write,read,gen_fpid
S0000.wav,1.464000,0.033117,0.014442,0.336897
