song,total,write,read,gen_fpid
S0000.wav,5169.618000,0.036271,0.000000,18446740791471.980469
