song,total,write,read,gen_fpid
S0000.wav,1.625000,0.072625,0.015106,0.397570
_S0000.wav,,,,
