song,total,write,read,dwt,gen_fpid
S0000.wav,0.337000,0.188334,0.000125,0.042516,0.018028
