song,total,write,read,gen_fpid
S0000.wav,1.859000,0.050796,0.031955,0.229910
