song,total,write,read,gen_fpid
S0000.wav,3.304000,0.043492,0.015106,1.496905
