song,total,write,read,gen_fpid
S0000.wav,13.520000,0.119726,1.895686,11.386435
