song,total,write,read,gen_fpid
S0000.wav,1.209000,0.051128,0.014857,0.013363
