song,total,write,read,gen_fpid
S0000.wav,1.227000,0.039508,0.014691,0.160024
