song,total,write,read,gen_fpid
S0000.wav,5169.703000,0.033532,0.000000,18446740151014.968750
