song,total,write,read,gen_fpid
S0000.wav,3.427000,0.081838,0.032121,0.349596
