song,total,write,read,gen_fpid
S0000.wav,15.278000,0.037267,0.015272,13.465090
