song,total,write,read,gen_fpid
S0000.wav,0.348000,0.117365,0.001561,0.011126
