song,total,write,read,dwt,gen_fpid
S0000.wav,0.472000,0.130689,0.000770,0.033619,0.018271
