song,total,write,read,dwt,gen_fpid
S0000.wav,0.240000,0.141001,0.000208,0.032115,0.017603
