song,total,write,read,gen_fpid
S0000.wav,0.248000,0.148844,0.002307,0.014559
