song,total,write,read,dwt,gen_fpid
S0000.wav,13.965000,0.165347,0.001488,0.059546,0.026852
