song,total,write,read,gen_fpid
S0000.wav,1.440000,0.040753,0.014857,0.153467
