song,total,write,read,gen_fpid
S0000.wav,1.391000,0.057270,0.030295,0.185671
