song,total,write,read,gen_fpid
S0000.wav,1.266000,0.040421,0.014774,0.057519
