song,total,write,read,dwt,gen_fpid
S0000.wav,0.460000,0.146042,0.000191,0.074513,0.018332
