song,total,write,read,gen_fpid
S0000.wav,5167.517000,0.033366,0.000000,18446740188216.320312
