song,total,write,read,gen_fpid
S0000.wav,2.408000,0.036105,0.015023,1.417972
