song,total,write,read,gen_fpid
S0000.wav,2.686000,0.038927,0.015023,0.334739
_S0000.wav,1.057000,0.033947,0.030876,0.358809
