song,total,write,read,gen_fpid
S0000.wav,1.327000,0.037267,0.014359,0.047725
