song,total,write,read,dwt,gen_fpid
S0000.wav,0.604000,0.147776,0.000135,0.061043,0.005198
