song,total,write,read,gen_fpid
S0000.wav,13.606000,0.039010,0.015272,12.369324
