song,total,write,read,dwt,gen_fpid
S0000.wav,1.178000,0.659312,0.000639,0.050686,0.015129
