song,total,write,read,dwt,gen_fpid
S0000.wav,1.852000,0.111453,0.000532,0.048482,0.014989
