song,total,write,read,dwt,gen_fpid
S0000.wav,0.260000,0.118626,0.003804,0.040078,0.026468
