song,total,write,read,gen_fpid
S0000.wav,2.670000,0.041334,0.033200,1.346509
