song,total,write,read,gen_fpid
S0000.wav,15.250000,0.038678,0.031125,13.679811
