song,total,write,read,dwt,gen_fpid
S0000.wav,0.345000,0.136198,0.000120,0.056750,0.018617
