song,total,write,read,dwt,gen_fpid
S0000.wav,0.298000,0.133880,0.000127,0.058087,0.005623
