song,total,write,read,dwt,gen_fpid
S0000.wav,0.224000,0.112104,0.000168,0.034282,0.016181
