song,total,write,read,dwt,gen_fpid
S0000.wav,0.322000,0.174557,0.000199,0.055238,0.021394
