song,total,write,read,gen_fpid
S0000.wav,1.752000,0.096363,0.015023,0.431019
