song,total,write,read,dwt,gen_fpid
S0000.wav,1.370000,0.128054,0.000733,0.056720,0.040039
