song,total,write,read,dwt,gen_fpid
S0000.wav,0.283000,0.122322,0.001541,0.026953,0.021708
