song,total,write,read,gen_fpid
S0000.wav,13.202000,0.042828,0.015604,11.965778
