song,total,write,read,dwt,gen_fpid
S0000.wav,0.351000,0.190544,0.000139,0.059576,0.017790
