song,total,write,read,dwt,gen_fpid
S0000.wav,0.270000,0.132645,0.000141,0.041996,0.025363
