song,total,write,read,gen_fpid
S0000.wav,13.006000,0.050879,0.015604,11.733461
