song,total,write,read,dwt,gen_fpid
S0000.wav,0.268000,0.125204,0.000219,0.042866,0.019360
