song,total,write,read,dwt,gen_fpid
S0000.wav,0.870000,0.639575,0.000922,0.074138,0.032536
