song,total,write,read,dwt,gen_fpid
S0000.wav,1.204000,0.359553,0.000876,0.091480,0.030268
