song,total,write,read,dwt,gen_fpid
S0000.wav,0.249000,0.139396,0.001060,0.042521,0.019377
