song,total,write,read,gen_fpid
S0000.wav,14.487000,0.035358,0.016185,13.449237
