song,total,write,read,dwt,gen_fpid
S0000.wav,0.882000,0.491966,0.000777,0.102860,0.012356
