song,total,write,read,gen_fpid
S0000.wav,2.538000,0.042662,0.033698,1.406435
