song,total,write,read,gen_fpid
S0000.wav,0.865000,0.695908,0.001096,0.069258
