song,total,write,read,dwt,gen_fpid
S0000.wav,0.948000,0.276011,0.000485,0.143872,0.046892
