song,total,write,read,dwt,gen_fpid
S0000.wav,36.588000,0.123736,0.000746,0.037841,0.015698
