song,total,write,read,dwt,gen_fpid
S0000.wav,0.215000,0.104591,0.000786,0.034379,0.021539
