song,total,write,read,gen_fpid
S0000.wav,2.658000,0.037184,0.014857,1.410336
