song,total,write,read,dwt,gen_fpid
S0000.wav,0.892000,0.153218,0.000703,0.048243,0.032323
