song,total,write,read,dwt,gen_fpid
S0000.wav,0.680000,0.323654,0.034402,0.073984,0.042080
