song,total,write,read,dwt,gen_fpid
S0000.wav,0.496000,0.203092,0.000332,0.091141,0.006542
