song,total,write,read,dwt,gen_fpid
S0000.wav,0.229000,0.126731,0.000172,0.034052,0.015396
