song,total,write,read,dwt,gen_fpid
S0000.wav,0.334000,0.148092,0.000809,0.040170,0.016711
