song,total,write,read,dwt,gen_fpid
S0000.wav,0.264000,0.149132,0.000107,0.035241,0.004279
