song,total,write,read,dwt,gen_fpid
S0000.wav,0.518000,0.263858,0.005282,0.070261,0.042245
