song,total,write,read,gen_fpid
S0000.wav,7.403000,0.073040,0.015272,0.350177
_S0000.wav,,,,
