song,total,write,read,dwt,gen_fpid
S0000.wav,0.419000,0.196709,0.000954,0.073229,0.033695
