song,total,write,read,dwt,gen_fpid
S0000.wav,0.231000,0.124152,0.000214,0.041571,0.018606
