song,total,write,read,dwt,gen_fpid
S0000.wav,0.512000,0.279555,0.000129,0.086365,0.007701
