song,total,write,read,gen_fpid
S0000.wav,1.215000,0.033449,0.032951,0.046978
