song,total,write,read,dwt,gen_fpid
S0000.wav,1.321000,0.594010,0.000437,0.093903,0.025087
