song,total,write,read,gen_fpid
S0000.wav,2.742000,0.039840,0.015272,1.336632
