song,total,write,read,gen_fpid
S0000.wav,1.565000,0.037848,0.030710,0.397404
