song,total,write,read,gen_fpid
S0000.wav,7.334000,0.033366,0.014691,0.297638
