song,total,write,read,dwt,gen_fpid
S0000.wav,0.320000,0.148553,0.000718,0.037283,0.024663
