song,total,write,read,dwt,gen_fpid
S0000.wav,1.391000,0.287237,0.003556,0.100828,0.039352
