song,total,write,read,dwt,gen_fpid
S0000.wav,0.236000,0.121055,0.000137,0.040934,0.016868
