song,total,write,read,dwt,gen_fpid
S0000.wav,0.556000,0.119328,0.000567,0.050319,0.005689
