song,total,write,read,dwt,gen_fpid
S0000.wav,0.252000,0.124721,0.000155,0.043903,0.017161
