song,total,write,read,dwt,gen_fpid
S0000.wav,0.298000,0.167342,0.000160,0.050817,0.008785
