song,total,write,read,gen_fpid
S0000.wav,5169.860000,0.045318,0.000000,18446741245323.500000
