song,total,write,read,gen_fpid
S0000.wav,2.260000,0.036105,0.014525,1.372820
