song,total,write,read,gen_fpid
S0000.wav,1.302000,0.035524,0.015023,0.375907
