song,total,write,read,gen_fpid
S0000.wav,1.458000,0.061337,0.030710,0.363291
_S0000.wav,,,,
