song,total,write,read,gen_fpid
S0000.wav,0.214000,0.118260,0.001963,0.013784
