song,total,write,read,gen_fpid
S0000.wav,1.712000,0.065902,0.014940,0.333411
_S0000.wav,,,,
