song,total,write,read,dwt,gen_fpid
S0000.wav,1.332000,0.231375,0.003974,0.044198,0.025038
