song,total,write,read,gen_fpid
S0000.wav,15.577000,0.040504,0.015604,11.872818
