song,total,write,read,dwt,gen_fpid
S0000.wav,0.569000,0.366118,0.000129,0.053400,0.004225
