song,total,write,read,dwt,gen_fpid
S0000.wav,0.263000,0.141078,0.000842,0.035592,0.027462
