song,total,write,read,dwt,gen_fpid
S0000.wav,0.524000,0.192891,0.000711,0.039102,0.005681
