song,total,write,read,dwt,gen_fpid
S0000.wav,0.287000,0.129147,0.000732,0.072537,0.023782
