song,total,write,read,dwt,gen_fpid
S0000.wav,0.713000,0.163778,0.000589,0.072002,0.010446
