song,total,write,read,gen_fpid
S0000.wav,2.783000,0.033283,0.014608,0.153550
