song,total,write,read,dwt,gen_fpid
S0000.wav,0.579000,0.310946,0.005276,0.068890,0.054138
