song,total,write,read,gen_fpid
S0000.wav,0.208000,0.136404,0.001703,0.017938
