song,total,write,read,dwt,gen_fpid
S0000.wav,0.624000,0.190161,0.000879,0.055761,0.041216
