song,total,write,read,gen_fpid
S0000.wav,1.107000,0.053784,0.030793,0.173387
