song,total,write,read,dwt,gen_fpid
S0000.wav,0.264000,0.158709,0.000139,0.041263,0.004675
