song,total,write,read,gen_fpid
S0000.wav,13.486000,0.043990,0.015438,12.202494
