song,total,write,read,dwt,gen_fpid
S0000.wav,0.294000,0.134864,0.000151,0.063304,0.005412
