song,total,write,read,gen_fpid
S0000.wav,0.216000,0.111368,0.003183,0.035306
