song,total,write,read,gen_fpid
S0000.wav,5.025000,0.038761,0.015521,1.336134
