song,total,write,read,gen_fpid
S0000.wav,5170.006000,0.035607,0.000000,18446740746941.882812
