song,total,write,read,gen_fpid
S0000.wav,5173.641000,0.033698,0.000000,18446740431077.808594
