song,total,write,read,dwt,gen_fpid
S0000.wav,0.301000,0.158037,0.001055,0.032491,0.024055
