song,total,write,read,gen_fpid
S0000.wav,5169.486000,0.039425,0.000000,18446740860835.910156
