song,total,write,read,gen_fpid
S0000.wav,5170.302000,0.077024,0.000000,18446740293744.898438
