song,total,write,read,dwt,gen_fpid
S0000.wav,0.235000,0.130112,0.000133,0.043647,0.017279
