song,total,write,read,gen_fpid
S0000.wav,1.457000,0.062997,0.015272,0.352750
