song,total,write,read,dwt,gen_fpid
S0000.wav,0.437000,0.114436,0.000195,0.035240,0.064591
