song,total,write,read,dwt,gen_fpid
S0000.wav,0.784000,0.341588,0.001511,0.059665,0.047683
