song,total,write,read,dwt,gen_fpid
S0000.wav,0.299000,0.192512,0.000171,0.033502,0.018392
