song,total,write,read,dwt,gen_fpid
S0000.wav,2.905000,0.167656,0.000948,1.874368,0.045607
