song,total,write,read,dwt,gen_fpid
S0000.wav,0.709000,0.231454,0.000913,0.056398,0.047874
