song,total,write,read,dwt,gen_fpid
S0000.wav,0.340000,0.130906,0.000060,0.079910,0.014645
