song,total,write,read,gen_fpid
S0000.wav,5169.250000,0.041915,0.000000,18446740451032.718750
