song,total,write,read,gen_fpid
S0000.wav,16.326000,0.033283,0.015272,13.787960
