song,total,write,read,gen_fpid
S0000.wav,13.399000,0.042330,0.015521,12.051932
