song,total,write,read,gen_fpid
S0000.wav,1.102000,0.036271,0.028386,0.075115
