song,total,write,read,dwt,gen_fpid
S0000.wav,0.619000,0.339857,0.000326,0.052188,0.051008
