song,total,write,read,gen_fpid
S0000.wav,2.172000,0.037267,0.015023,0.888183
