song,total,write,read,gen_fpid
S0000.wav,1.518000,0.141445,0.206105,1.089382
