song,total,write,read,dwt,gen_fpid
S0000.wav,1.671000,0.680391,0.007018,0.227140,0.176849
