song,total,write,read,gen_fpid
S0000.wav,3.240000,0.037682,0.015272,1.399048
