song,total,write,read,gen_fpid
S0000.wav,14.848000,0.039840,0.015687,11.844432
