song,total,write,read,gen_fpid
S0000.wav,2.142000,0.050547,0.015189,0.980396
