song,total,write,read,gen_fpid
S0000.wav,1.789000,0.055278,0.014525,0.326605
_S0000.wav,,,,
