song,total,write,read,gen_fpid
S0000.wav,3.230000,0.038927,0.015106,1.486945
