song,total,write,read,dwt,gen_fpid
S0000.wav,0.228000,0.132183,0.000131,0.035246,0.004415
