song,total,write,read,gen_fpid
S0000.wav,1.689000,0.045318,0.014940,0.012201
