song,total,write,read,gen_fpid
S0000.wav,2.817000,0.038014,0.015189,1.504707
