song,total,write,read,gen_fpid
S0000.wav,5171.609000,0.039093,0.000000,18446741180985.058594
