song,total,write,read,dwt,gen_fpid
S0000.wav,0.543000,0.239328,0.005155,0.052868,0.102926
