song,total,write,read,dwt,gen_fpid
S0000.wav,0.334000,0.162483,0.000185,0.039205,0.023765
