song,total,write,read,gen_fpid
S0000.wav,0.387000,0.112642,0.015262,0.108707
