song,total,write,read,dwt,gen_fpid
S0000.wav,0.352000,0.176763,0.000151,0.035540,0.016615
