song,total,write,read,dwt,gen_fpid
S0000.wav,0.358000,0.207070,0.000190,0.032070,0.005646
