song,total,write,read,gen_fpid
S0000.wav,12.791000,0.033034,0.014940,11.680673
