song,total,write,read,dwt,gen_fpid
S0000.wav,2.643000,0.686481,0.003262,0.042769,0.020782
