song,total,write,read,dwt,gen_fpid
S0000.wav,0.457000,0.171314,0.000147,0.068809,0.005890
