song,total,write,read,dwt,gen_fpid
S0000.wav,0.211000,0.111387,0.002004,0.030748,0.021938
