song,total,write,read,gen_fpid
S0000.wav,2.427000,0.034196,0.015355,1.467523
