song,total,write,read,gen_fpid
S0000.wav,5168.745000,0.033117,0.000000,18446740483265.128906
