song,total,write,read,dwt,gen_fpid
S0000.wav,0.397000,0.182991,0.000149,0.060818,0.019492
