song,total,write,read,gen_fpid
S0000.wav,15.148000,0.042579,0.015438,13.567844
