song,total,write,read,dwt,gen_fpid
S0000.wav,0.770000,0.260142,0.005867,0.199263,0.059933
