song,total,write,read,gen_fpid
S0000.wav,2.730000,0.036022,0.032453,1.360619
