song,total,write,read,gen_fpid
S0000.wav,0.190000,0.116721,0.001347,0.017117
