song,total,write,read,gen_fpid
S0000.wav,1.474000,0.063163,0.031955,0.364785
