song,total,write,read,gen_fpid
S0000.wav,0.223000,0.127919,0.001387,0.014896
