song,total,write,read,gen_fpid
S0000.wav,1.757000,0.039757,0.014857,0.162929
