song,total,write,read,gen_fpid
S0000.wav,1.497000,0.035109,0.014608,0.153716
