song,total,write,read,gen_fpid
S0000.wav,4.126000,0.039591,0.014857,1.345430
