song,total,write,read,dwt,gen_fpid
S0000.wav,0.379000,0.171132,0.000109,0.059049,0.019172
