song,total,write,read,gen_fpid
S0000.wav,14.776000,0.041666,0.015023,13.348807
