song,total,write,read,dwt,gen_fpid
S0000.wav,0.246000,0.136536,0.000120,0.031921,0.017419
