song,total,write,read,gen_fpid
S0000.wav,2.749000,0.041168,0.015189,1.391744
