song,total,write,read,gen_fpid
S0000.wav,0.272000,0.112954,0.000833,0.009900
