song,total,write,read,dwt,gen_fpid
S0000.wav,0.266000,0.149995,0.003664,0.033354,0.009141
