song,total,write,read,gen_fpid
S0000.wav,0.206000,0.136292,0.001659,0.016516
