song,total,write,read,dwt,gen_fpid
S0000.wav,0.333000,0.159235,0.000836,0.054983,0.032820
