song,total,write,read,gen_fpid
S0000.wav,1.756000,0.033117,0.032702,0.805017
