song,total,write,read,gen_fpid
S0000.wav,3.979000,0.038097,0.015106,1.333727
