song,total,write,read,dwt,gen_fpid
S0000.wav,1.071000,0.570241,0.000132,0.069486,0.006765
