song,total,write,read,dwt,gen_fpid
S0000.wav,0.359000,0.196440,0.000198,0.071977,0.023871
