song,total,write,read,dwt,gen_fpid
S0000.wav,0.200000,0.106496,0.003209,0.033874,0.008955
