song,total,write,read,dwt,gen_fpid
S0000.wav,0.469000,0.114087,0.000079,0.048085,0.014350
