song,total,write,read,gen_fpid
S0000.wav,2.644000,0.038180,0.015521,1.380539
