song,total,write,read,dwt,gen_fpid
S0000.wav,0.359000,0.177811,0.001014,0.066925,0.026415
