song,total,write,read,gen_fpid
S0000.wav,1.959000,0.042994,0.014940,0.162763
