song,total,write,read,dwt,gen_fpid
S0000.wav,0.252000,0.134682,0.001230,0.039754,0.030120
