song,total,write,read,gen_fpid
S0000.wav,2.241000,0.036437,0.014774,1.169885
