song,total,write,read,gen_fpid
S0000.wav,3.197000,0.040172,0.015521,1.332897
