song,total,write,read,gen_fpid
S0000.wav,2.805000,0.045733,0.014608,0.151558
