song,total,write,read,dwt,gen_fpid
S0000.wav,0.239000,0.133331,0.000146,0.034076,0.015273
