song_names,total_time
S0000.wav,0.027000
S0001.wav,0.030000
S0002.wav,0.027000
