song_names,total_time
S0000.wav,0.877000
S0001.wav,0.604000
S0002.wav,0.637000
