song_names,total_time
S0000.wav,0.040000
S0001.wav,0.041000
S0002.wav,0.038000
