song_names,total_time
S0000.wav,0.654000
S0001.wav,0.596000
S0002.wav,0.601000
