song,total,write,read
S0000.wav,0.168000,0.114022,0.002708
